session,timestamp,person_count,has_hat,hat_confidence,has_apron,apron_confidence,is_compliant,violations,frame_path
20260419_091834,09:18:37,1,True,0.58,True,0.50,True,,
20260419_091834,09:18:47,1,True,0.46,True,0.41,True,,
20260419_091834,09:18:58,1,True,0.76,True,0.59,True,,
20260419_091834,09:19:08,1,True,0.49,True,0.40,True,,
20260419_091834,09:19:18,1,True,0.47,True,0.19,True,,
20260419_091834,09:19:28,1,True,0.30,False,0.13,False,Фартук кийилген эмес,
20260419_223435,22:34:37,0,False,0.00,False,0.00,False,Эч ким аныкталган жок,
20260419_223435,22:34:47,1,True,0.83,True,0.00,True,,
20260419_223435,22:34:57,1,False,0.70,True,0.00,False,Шляпа кийилген эмес,
20260419_223435,22:35:07,1,False,0.65,True,0.00,False,Шляпа кийилген эмес,
20260419_223435,22:35:17,1,True,0.98,True,0.00,True,,
20260419_223435,22:35:27,1,True,0.96,True,0.00,True,,
20260419_223435,22:35:37,1,True,0.68,True,0.00,True,,
20260419_223435,22:35:47,1,False,0.74,True,0.00,False,Шляпа кийилген эмес,
20260420_091003,09:10:04,1,False,0.77,True,0.00,False,Шляпа кийилген эмес,
20260420_091003,09:10:14,1,True,0.61,True,0.00,True,,
20260420_091003,09:10:24,1,False,0.66,True,0.00,False,Шляпа кийилген эмес,
20260420_091003,09:10:35,1,False,0.50,True,0.00,False,Шляпа кийилген эмес,
20260420_091003,09:10:45,1,True,0.62,True,0.00,True,,
20260420_091003,09:10:55,1,False,0.60,True,0.00,False,Шляпа кийилген эмес,
20260420_091003,09:11:05,1,False,0.59,True,0.00,False,Шляпа кийилген эмес,
20260420_091003,09:11:15,1,False,0.67,True,0.00,False,Шляпа кийилген эмес,
20260420_091003,09:11:25,1,False,0.51,True,0.00,False,Шляпа кийилген эмес,
20260420_091003,09:11:35,0,False,0.00,False,0.00,False,Эч ким аныкталган жок,
20260420_091003,09:11:45,1,False,0.90,True,0.00,False,Шляпа кийилген эмес,
20260420_091003,09:11:55,1,True,0.90,True,0.00,True,,
20260420_091003,09:12:05,1,True,0.87,True,0.00,True,,
20260420_091003,09:12:15,1,True,0.91,True,0.00,True,,
20260420_091003,09:12:25,1,False,0.75,True,0.00,False,Шляпа кийилген эмес,
20260420_141538,14:15:42,2,False,0.56,True,0.22,False,Шляпа кийилген эмес,
20260420_141538,14:15:52,2,False,0.51,True,0.25,False,Шляпа кийилген эмес,
20260420_141538,14:16:02,2,False,0.64,True,0.27,False,Шляпа кийилген эмес,
20260420_141538,14:16:12,1,True,0.89,True,0.64,True,,
20260420_141538,14:16:22,0,False,0.00,False,0.00,False,Эч ким аныкталган жок,
20260420_141538,14:16:32,0,False,0.00,False,0.00,False,Эч ким аныкталган жок,
20260420_141538,14:16:42,3,True,0.77,True,0.22,True,,
20260420_141538,14:16:52,1,False,0.66,False,0.04,False,Шляпа кийилген эмес | Фартук кийилген эмес,
20260420_141538,14:17:02,2,True,0.60,False,0.16,False,Фартук кийилген эмес,
20260420_141538,14:17:12,0,False,0.00,False,0.00,False,Эч ким аныкталган жок,
20260420_141538,14:17:22,0,False,0.00,False,0.00,False,Эч ким аныкталган жок,
20260420_141538,14:17:32,1,False,0.76,False,0.06,False,Шляпа кийилген эмес | Фартук кийилген эмес,
20260420_141538,14:17:42,1,False,0.75,False,0.03,False,Шляпа кийилген эмес | Фартук кийилген эмес,
20260420_141538,14:17:52,0,False,0.00,False,0.00,False,Эч ким аныкталган жок,
20260420_141538,14:18:02,0,False,0.00,False,0.00,False,Эч ким аныкталган жок,
20260420_141538,14:18:12,0,False,0.00,False,0.00,False,Эч ким аныкталган жок,
20260420_141538,14:18:23,1,True,0.78,True,0.71,True,,
20260420_141538,14:18:33,0,False,0.00,False,0.00,False,Эч ким аныкталган жок,
20260420_141538,14:18:43,0,False,0.00,False,0.00,False,Эч ким аныкталган жок,
20260423_161306,16:13:08,1,False,0.77,False,0.12,False,Шляпа кийилген эмес | Фартук кийилген эмес,
20260423_161306,16:13:18,1,False,0.53,False,0.10,False,Шляпа кийилген эмес | Фартук кийилген эмес,
20260423_161306,16:13:28,0,False,0.00,False,0.00,False,Эч ким аныкталган жок,
20260423_161306,16:13:38,1,False,0.64,False,0.13,False,Шляпа кийилген эмес | Фартук кийилген эмес,
20260423_161306,16:13:48,1,False,0.57,False,0.11,False,Шляпа кийилген эмес | Фартук кийилген эмес,
20260423_161306,16:13:58,2,True,0.69,True,0.27,True,,
20260423_161306,16:14:08,2,False,0.74,True,0.32,False,Шляпа кийилген эмес,
20260423_161306,16:14:18,2,True,0.76,True,0.43,True,,
20260423_161306,16:14:28,1,False,0.87,False,0.00,False,Шляпа кийилген эмес | Фартук кийилген эмес,
20260423_161306,16:14:38,1,True,0.94,True,0.68,True,,
20260423_161306,16:14:48,1,False,0.77,False,0.06,False,Шляпа кийилген эмес | Фартук кийилген эмес,
20260506_221808,22:18:10,0,False,0.00,False,0.00,False,Эч ким аныкталган жок,
20260506_221824,22:18:25,0,False,0.00,False,0.00,False,Эч ким аныкталган жок,
20260506_221923,22:19:24,0,False,0.00,False,0.00,False,Эч ким аныкталган жок,
20260506_221923,22:19:29,0,False,0.00,False,0.00,False,Эч ким аныкталган жок,
20260506_221932,22:19:33,0,False,0.00,False,0.00,False,Эч ким аныкталган жок,
20260506_221923,22:19:34,0,False,0.00,False,0.00,False,Эч ким аныкталган жок,
20260506_221938,22:19:38,0,False,0.00,False,0.00,False,Эч ким аныкталган жок,
20260506_221932,22:19:41,0,False,0.00,False,0.00,False,Эч ким аныкталган жок,
20260506_221938,22:19:43,0,False,0.00,False,0.00,False,Эч ким аныкталган жок,
20260506_221938,22:19:49,0,False,0.00,False,0.00,False,Эч ким аныкталган жок,
20260506_221932,22:19:49,0,False,0.00,False,0.00,False,Эч ким аныкталган жок,
20260506_221938,22:19:54,0,False,0.00,False,0.00,False,Эч ким аныкталган жок,
20260506_221932,22:19:57,0,False,0.00,False,0.00,False,Эч ким аныкталган жок,
20260506_221938,22:19:59,0,False,0.00,False,0.00,False,Эч ким аныкталган жок,
20260506_221938,22:20:04,0,False,0.00,False,0.00,False,Эч ким аныкталган жок,
20260506_221932,22:20:05,0,False,0.00,False,0.00,False,Эч ким аныкталган жок,
20260506_221938,22:20:09,0,False,0.00,False,0.00,False,Эч ким аныкталган жок,
20260506_221932,22:20:13,0,False,0.00,False,0.00,False,Эч ким аныкталган жок,
20260506_221938,22:20:14,0,False,0.00,False,0.00,False,Эч ким аныкталган жок,
20260506_221938,22:20:19,0,False,0.00,False,0.00,False,Эч ким аныкталган жок,
20260506_221932,22:20:21,0,False,0.00,False,0.00,False,Эч ким аныкталган жок,
20260506_221938,22:20:24,0,False,0.00,False,0.00,False,Эч ким аныкталган жок,
20260506_221938,22:20:29,0,False,0.00,False,0.00,False,Эч ким аныкталган жок,
20260506_221932,22:20:29,0,False,0.00,False,0.00,False,Эч ким аныкталган жок,
20260506_221938,22:20:34,0,False,0.00,False,0.00,False,Эч ким аныкталган жок,
20260506_221932,22:20:37,0,False,0.00,False,0.00,False,Эч ким аныкталган жок,
20260506_221938,22:20:39,0,False,0.00,False,0.00,False,Эч ким аныкталган жок,
20260506_221938,22:20:44,0,False,0.00,False,0.00,False,Эч ким аныкталган жок,
20260506_221932,22:20:45,0,False,0.00,False,0.00,False,Эч ким аныкталган жок,
20260506_221938,22:20:49,0,False,0.00,False,0.00,False,Эч ким аныкталган жок,
20260506_221932,22:20:53,0,False,0.00,False,0.00,False,Эч ким аныкталган жок,
20260506_221938,22:20:54,0,False,0.00,False,0.00,False,Эч ким аныкталган жок,
20260506_221938,22:20:59,0,False,0.00,False,0.00,False,Эч ким аныкталган жок,
20260506_221932,22:21:01,0,False,0.00,False,0.00,False,Эч ким аныкталган жок,
20260506_221932,22:21:09,0,False,0.00,False,0.00,False,Эч ким аныкталган жок,
20260506_221932,22:21:17,0,False,0.00,False,0.00,False,Эч ким аныкталган жок,
20260506_221932,22:21:25,0,False,0.00,False,0.00,False,Эч ким аныкталган жок,
20260506_221932,22:21:33,0,False,0.00,False,0.00,False,Эч ким аныкталган жок,
20260506_221932,22:21:41,0,False,0.00,False,0.00,False,Эч ким аныкталган жок,
20260506_221932,22:21:49,1,False,0.46,False,0.01,False,Шляпа кийилген эмес | Фартук кийилген эмес,
20260506_222156,22:21:56,0,False,0.00,False,0.00,False,Эч ким аныкталган жок,
20260507_034251,03:42:52,0,False,0.00,False,0.00,False,Эч ким аныкталган жок,
20260507_034251,03:43:04,0,False,0.00,False,0.00,False,Эч ким аныкталган жок,
20260507_034251,03:43:14,0,False,0.00,False,0.00,False,Эч ким аныкталган жок,
20260507_034251,03:43:24,0,False,0.00,False,0.00,False,Эч ким аныкталган жок,
20260507_034251,03:43:35,0,False,0.00,False,0.00,False,Эч ким аныкталган жок,
20260507_034251,03:43:45,0,False,0.00,False,0.00,False,Эч ким аныкталган жок,
20260507_034251,03:43:55,0,False,0.00,False,0.00,False,Эч ким аныкталган жок,
20260507_034251,03:44:05,0,False,0.00,False,0.00,False,Эч ким аныкталган жок,
20260507_034251,03:44:15,0,False,0.00,False,0.00,False,Эч ким аныкталган жок,
20260507_034251,03:44:25,0,False,0.00,False,0.00,False,Эч ким аныкталган жок,
20260507_034251,03:44:35,0,False,0.00,False,0.00,False,Эч ким аныкталган жок,
20260507_034251,03:44:45,0,False,0.00,False,0.00,False,Эч ким аныкталган жок,
20260507_034251,03:44:55,0,False,0.00,False,0.00,False,Эч ким аныкталган жок,
20260507_034251,03:45:05,0,False,0.00,False,0.00,False,Эч ким аныкталган жок,
20260507_034251,03:45:15,0,False,0.00,False,0.00,False,Эч ким аныкталган жок,
20260507_034251,03:45:25,0,False,0.00,False,0.00,False,Эч ким аныкталган жок,
20260507_034251,03:45:35,0,False,0.00,False,0.00,False,Эч ким аныкталган жок,
20260507_034251,03:45:45,0,False,0.00,False,0.00,False,Эч ким аныкталган жок,
20260507_034251,03:45:55,0,False,0.00,False,0.00,False,Эч ким аныкталган жок,
20260507_034251,03:46:05,1,True,0.47,False,0.08,False,Фартук кийилген эмес,
20260507_034251,03:46:15,0,False,0.00,False,0.00,False,Эч ким аныкталган жок,
20260507_034251,03:46:25,0,False,0.00,False,0.00,False,Эч ким аныкталган жок,
20260507_034251,03:46:35,0,False,0.00,False,0.00,False,Эч ким аныкталган жок,
20260507_034251,03:46:45,0,False,0.00,False,0.00,False,Эч ким аныкталган жок,
20260507_034251,03:46:55,0,False,0.00,False,0.00,False,Эч ким аныкталган жок,
20260507_034251,03:47:05,1,True,0.88,False,0.16,False,Фартук кийилген эмес,
20260507_034251,03:47:15,0,False,0.00,False,0.00,False,Эч ким аныкталган жок,
20260507_034251,03:47:25,0,False,0.00,False,0.00,False,Эч ким аныкталган жок,
20260507_034251,03:47:35,0,False,0.00,False,0.00,False,Эч ким аныкталган жок,
20260507_034251,03:47:45,0,False,0.00,False,0.00,False,Эч ким аныкталган жок,
20260507_034251,03:47:55,0,False,0.00,False,0.00,False,Эч ким аныкталган жок,
20260507_034251,03:48:05,0,False,0.00,False,0.00,False,Эч ким аныкталган жок,
20260507_034251,03:48:15,0,False,0.00,False,0.00,False,Эч ким аныкталган жок,
20260507_034251,03:48:25,0,False,0.00,False,0.00,False,Эч ким аныкталган жок,
20260507_034251,03:48:35,0,False,0.00,False,0.00,False,Эч ким аныкталган жок,
20260507_034251,03:48:45,1,True,0.77,True,0.23,True,,
20260507_034251,03:48:55,1,True,0.49,True,0.27,True,,
20260507_034251,03:49:05,1,True,0.87,True,0.27,True,,
20260507_034251,03:49:16,1,True,0.84,True,0.26,True,,
20260507_034251,03:49:26,1,True,0.87,True,0.26,True,,
20260507_034251,03:49:36,0,False,0.00,False,0.00,False,Эч ким аныкталган жок,
20260507_034251,03:49:46,0,False,0.00,False,0.00,False,Эч ким аныкталган жок,
20260507_034251,03:49:56,0,False,0.00,False,0.00,False,Эч ким аныкталган жок,
20260507_034251,03:50:06,0,False,0.00,False,0.00,False,Эч ким аныкталган жок,
20260507_034251,03:50:16,0,False,0.00,False,0.00,False,Эч ким аныкталган жок,
20260507_034251,03:50:26,1,True,0.70,True,0.24,True,,
20260507_034251,03:50:36,1,True,0.79,True,0.29,True,,
20260507_034251,03:50:46,1,True,0.66,True,0.29,True,,
20260507_034251,03:50:56,0,False,0.00,False,0.00,False,Эч ким аныкталган жок,
20260507_034251,03:51:06,0,False,0.00,False,0.00,False,Эч ким аныкталган жок,
20260507_034251,03:51:16,0,False,0.00,False,0.00,False,Эч ким аныкталган жок,
20260507_034251,03:51:26,0,False,0.00,False,0.00,False,Эч ким аныкталган жок,
20260507_034251,03:51:36,0,False,0.00,False,0.00,False,Эч ким аныкталган жок,
20260507_034251,03:51:46,0,False,0.00,False,0.00,False,Эч ким аныкталган жок,
20260507_034251,03:51:56,1,False,0.75,False,0.03,False,Шляпа кийилген эмес | Фартук кийилген эмес,
20260507_034251,03:52:06,0,False,0.00,False,0.00,False,Эч ким аныкталган жок,
20260507_034251,03:52:16,0,False,0.00,False,0.00,False,Эч ким аныкталган жок,
20260507_034251,03:52:26,0,False,0.00,False,0.00,False,Эч ким аныкталган жок,
20260507_034251,03:52:36,1,False,0.66,False,0.15,False,Шляпа кийилген эмес | Фартук кийилген эмес,
20260507_034251,03:52:46,1,True,0.68,True,0.22,True,,
20260507_034251,03:52:56,1,False,0.66,False,0.09,False,Шляпа кийилген эмес | Фартук кийилген эмес,
20260507_034251,03:53:06,0,False,0.00,False,0.00,False,Эч ким аныкталган жок,
20260507_034251,03:53:16,1,False,0.62,False,0.11,False,Шляпа кийилген эмес | Фартук кийилген эмес,
20260507_034251,03:53:26,1,False,0.45,False,0.03,False,Шляпа кийилген эмес | Фартук кийилген эмес,
20260507_034251,03:53:36,0,False,0.00,False,0.00,False,Эч ким аныкталган жок,
20260507_034251,03:53:46,1,True,0.90,True,0.29,True,,
20260507_034251,03:53:56,1,False,0.63,False,0.13,False,Шляпа кийилген эмес | Фартук кийилген эмес,
20260507_034251,03:54:06,0,False,0.00,False,0.00,False,Эч ким аныкталган жок,
20260507_034251,03:54:16,0,False,0.00,False,0.00,False,Эч ким аныкталган жок,
20260507_034251,03:54:26,1,True,0.86,False,0.17,False,Фартук кийилген эмес,
20260507_034251,03:54:36,1,True,0.78,True,0.23,True,,
20260507_034251,03:54:46,1,True,0.74,True,0.20,True,,
20260507_034251,03:54:57,0,False,0.00,False,0.00,False,Эч ким аныкталган жок,
20260507_034251,03:55:07,0,False,0.00,False,0.00,False,Эч ким аныкталган жок,
20260507_034251,03:55:17,1,True,0.67,True,0.26,True,,
20260507_034251,03:55:27,1,True,0.78,True,0.26,True,,
20260507_034251,03:55:37,0,False,0.00,False,0.00,False,Эч ким аныкталган жок,
20260507_034251,03:55:47,1,True,0.74,True,0.28,True,,
20260507_034251,03:55:57,0,False,0.00,False,0.00,False,Эч ким аныкталган жок,
20260507_034251,03:56:07,0,False,0.00,False,0.00,False,Эч ким аныкталган жок,
20260507_034251,03:56:17,0,False,0.00,False,0.00,False,Эч ким аныкталган жок,
20260507_034251,03:56:27,0,False,0.00,False,0.00,False,Эч ким аныкталган жок,
20260507_034251,03:56:37,0,False,0.00,False,0.00,False,Эч ким аныкталган жок,
20260507_034251,03:56:47,0,False,0.00,False,0.00,False,Эч ким аныкталган жок,
20260507_034251,03:56:57,0,False,0.00,False,0.00,False,Эч ким аныкталган жок,
20260507_034251,03:57:07,0,False,0.00,False,0.00,False,Эч ким аныкталган жок,
20260507_034251,03:57:17,0,False,0.00,False,0.00,False,Эч ким аныкталган жок,
20260507_034251,03:57:27,0,False,0.00,False,0.00,False,Эч ким аныкталган жок,
20260507_034251,03:57:37,1,True,0.78,True,0.21,True,,
20260507_034251,03:57:47,2,False,0.68,True,0.28,False,Шляпа кийилген эмес,
20260507_034251,03:57:57,0,False,0.00,False,0.00,False,Эч ким аныкталган жок,
20260507_034251,03:58:07,1,True,0.88,False,0.14,False,Фартук кийилген эмес,
20260507_034251,03:58:17,1,True,0.78,True,0.25,True,,
20260507_034251,03:58:27,1,True,0.73,True,0.25,True,,
20260507_034251,03:58:37,0,False,0.00,False,0.00,False,Эч ким аныкталган жок,
20260507_034251,03:58:47,0,False,0.00,False,0.00,False,Эч ким аныкталган жок,
20260507_034251,03:58:57,0,False,0.00,False,0.00,False,Эч ким аныкталган жок,
20260507_034251,03:59:07,1,True,0.85,True,0.27,True,,
20260507_034251,03:59:17,1,True,0.57,True,0.27,True,,
20260507_034251,03:59:27,0,False,0.00,False,0.00,False,Эч ким аныкталган жок,
20260507_034251,03:59:37,0,False,0.00,False,0.00,False,Эч ким аныкталган жок,
20260507_034251,03:59:47,0,False,0.00,False,0.00,False,Эч ким аныкталган жок,
20260507_034251,03:59:57,0,False,0.00,False,0.00,False,Эч ким аныкталган жок,
20260507_034251,04:00:07,0,False,0.00,False,0.00,False,Эч ким аныкталган жок,
20260507_034251,04:00:17,1,True,0.48,False,0.02,False,Фартук кийилген эмес,
20260507_034251,04:00:27,0,False,0.00,False,0.00,False,Эч ким аныкталган жок,
20260507_034251,04:00:37,2,True,0.64,False,0.04,False,Фартук кийилген эмес,
20260507_034251,04:00:48,1,True,0.50,False,0.14,False,Фартук кийилген эмес,
20260507_034251,04:00:58,0,False,0.00,False,0.00,False,Эч ким аныкталган жок,
20260507_034251,04:01:08,0,False,0.00,False,0.00,False,Эч ким аныкталган жок,
20260507_034251,04:01:18,0,False,0.00,False,0.00,False,Эч ким аныкталган жок,
20260507_034251,04:01:28,1,True,0.50,False,0.14,False,Фартук кийилген эмес,
20260507_034251,04:01:38,0,False,0.00,False,0.00,False,Эч ким аныкталган жок,
20260507_034251,04:01:48,0,False,0.00,False,0.00,False,Эч ким аныкталган жок,
20260507_034251,04:01:58,1,True,0.53,False,0.14,False,Фартук кийилген эмес,
20260507_034251,04:02:08,0,False,0.00,False,0.00,False,Эч ким аныкталган жок,
20260507_034251,04:02:18,0,False,0.00,False,0.00,False,Эч ким аныкталган жок,
20260507_034251,04:02:28,0,False,0.00,False,0.00,False,Эч ким аныкталган жок,
20260507_034251,04:02:38,0,False,0.00,False,0.00,False,Эч ким аныкталган жок,
20260507_034251,04:02:48,0,False,0.00,False,0.00,False,Эч ким аныкталган жок,
20260507_034251,04:02:58,0,False,0.00,False,0.00,False,Эч ким аныкталган жок,
20260507_034251,04:03:08,0,False,0.00,False,0.00,False,Эч ким аныкталган жок,
20260507_034251,04:03:18,0,False,0.00,False,0.00,False,Эч ким аныкталган жок,
20260507_034251,04:03:28,0,False,0.00,False,0.00,False,Эч ким аныкталган жок,
20260507_034251,04:03:38,0,False,0.00,False,0.00,False,Эч ким аныкталган жок,
20260507_034251,04:03:48,0,False,0.00,False,0.00,False,Эч ким аныкталган жок,
20260507_034251,04:03:58,0,False,0.00,False,0.00,False,Эч ким аныкталган жок,
20260507_034251,04:04:08,0,False,0.00,False,0.00,False,Эч ким аныкталган жок,
20260507_034251,04:04:18,0,False,0.00,False,0.00,False,Эч ким аныкталган жок,
20260507_034251,04:04:28,0,False,0.00,False,0.00,False,Эч ким аныкталган жок,
20260507_034251,04:04:38,0,False,0.00,False,0.00,False,Эч ким аныкталган жок,
20260507_034251,04:04:48,0,False,0.00,False,0.00,False,Эч ким аныкталган жок,
20260507_034251,04:04:58,0,False,0.00,False,0.00,False,Эч ким аныкталган жок,
20260507_034251,04:05:08,0,False,0.00,False,0.00,False,Эч ким аныкталган жок,
20260507_034251,04:05:18,0,False,0.00,False,0.00,False,Эч ким аныкталган жок,
20260507_034251,04:05:28,0,False,0.00,False,0.00,False,Эч ким аныкталган жок,
20260507_034251,04:05:38,0,False,0.00,False,0.00,False,Эч ким аныкталган жок,
20260507_034251,04:05:48,0,False,0.00,False,0.00,False,Эч ким аныкталган жок,
20260507_034251,04:05:58,0,False,0.00,False,0.00,False,Эч ким аныкталган жок,
20260507_034251,04:06:08,0,False,0.00,False,0.00,False,Эч ким аныкталган жок,
20260507_034251,04:06:18,0,False,0.00,False,0.00,False,Эч ким аныкталган жок,
20260507_034251,04:06:29,0,False,0.00,False,0.00,False,Эч ким аныкталган жок,
20260507_034251,04:06:39,0,False,0.00,False,0.00,False,Эч ким аныкталган жок,
20260507_034251,04:06:49,0,False,0.00,False,0.00,False,Эч ким аныкталган жок,
20260507_034251,04:06:59,0,False,0.00,False,0.00,False,Эч ким аныкталган жок,
20260507_034251,04:07:09,0,False,0.00,False,0.00,False,Эч ким аныкталган жок,
20260507_034251,04:07:19,0,False,0.00,False,0.00,False,Эч ким аныкталган жок,
20260507_034251,04:07:29,0,False,0.00,False,0.00,False,Эч ким аныкталган жок,
20260507_034251,04:07:39,0,False,0.00,False,0.00,False,Эч ким аныкталган жок,
20260507_034251,04:07:49,0,False,0.00,False,0.00,False,Эч ким аныкталган жок,
20260507_034251,04:07:59,0,False,0.00,False,0.00,False,Эч ким аныкталган жок,
20260507_034251,04:08:09,0,False,0.00,False,0.00,False,Эч ким аныкталган жок,
20260507_034251,04:08:19,0,False,0.00,False,0.00,False,Эч ким аныкталган жок,
20260507_034251,04:08:29,0,False,0.00,False,0.00,False,Эч ким аныкталган жок,
20260507_034251,04:08:39,0,False,0.00,False,0.00,False,Эч ким аныкталган жок,
20260507_034251,04:08:49,1,True,0.63,False,0.14,False,Фартук кийилген эмес,
20260507_034251,04:08:59,0,False,0.00,False,0.00,False,Эч ким аныкталган жок,
20260507_034251,04:09:09,0,False,0.00,False,0.00,False,Эч ким аныкталган жок,
20260507_034251,04:09:19,0,False,0.00,False,0.00,False,Эч ким аныкталган жок,
20260507_034251,04:09:29,0,False,0.00,False,0.00,False,Эч ким аныкталган жок,
20260507_034251,04:09:39,0,False,0.00,False,0.00,False,Эч ким аныкталган жок,
20260507_034251,04:09:49,0,False,0.00,False,0.00,False,Эч ким аныкталган жок,
20260507_034251,04:09:59,0,False,0.00,False,0.00,False,Эч ким аныкталган жок,
20260507_034251,04:10:09,0,False,0.00,False,0.00,False,Эч ким аныкталган жок,
20260507_034251,04:10:19,0,False,0.00,False,0.00,False,Эч ким аныкталган жок,
20260507_034251,04:10:29,0,False,0.00,False,0.00,False,Эч ким аныкталган жок,
20260507_034251,04:10:39,0,False,0.00,False,0.00,False,Эч ким аныкталган жок,
20260507_034251,04:10:49,0,False,0.00,False,0.00,False,Эч ким аныкталган жок,
20260507_034251,04:10:59,0,False,0.00,False,0.00,False,Эч ким аныкталган жок,
20260507_034251,04:11:09,0,False,0.00,False,0.00,False,Эч ким аныкталган жок,
20260507_041116,04:11:18,0,False,0.00,False,0.00,False,Эч ким аныкталган жок,
20260510_142547,14:25:51,0,False,0.00,False,0.00,False,Эч ким аныкталган жок,
20260510_142547,14:26:02,0,False,0.00,False,0.00,False,Эч ким аныкталган жок,
20260510_142547,14:26:12,0,False,0.00,False,0.00,False,Эч ким аныкталган жок,
20260510_142547,14:26:22,0,False,0.00,False,0.00,False,Эч ким аныкталган жок,
20260510_142547,14:26:32,0,False,0.00,False,0.00,False,Эч ким аныкталган жок,
20260510_142547,14:26:42,0,False,0.00,False,0.00,False,Эч ким аныкталган жок,
20260510_142547,14:26:52,0,False,0.00,False,0.00,False,Эч ким аныкталган жок,
20260510_142547,14:27:02,0,False,0.00,False,0.00,False,Эч ким аныкталган жок,
20260510_142547,14:27:12,0,False,0.00,False,0.00,False,Эч ким аныкталган жок,
20260510_142547,14:27:22,0,False,0.00,False,0.00,False,Эч ким аныкталган жок,
20260510_142547,14:27:32,0,False,0.00,False,0.00,False,Эч ким аныкталган жок,
20260510_142547,14:27:42,0,False,0.00,False,0.00,False,Эч ким аныкталган жок,
20260510_142547,14:27:52,0,False,0.00,False,0.00,False,Эч ким аныкталган жок,
20260510_142547,14:28:02,0,False,0.00,False,0.00,False,Эч ким аныкталган жок,
20260510_142547,14:28:12,0,False,0.00,False,0.00,False,Эч ким аныкталган жок,
20260510_142547,14:28:22,0,False,0.00,False,0.00,False,Эч ким аныкталган жок,
20260510_142547,14:28:32,0,False,0.00,False,0.00,False,Эч ким аныкталган жок,
20260510_142547,14:28:42,0,False,0.00,False,0.00,False,Эч ким аныкталган жок,
20260510_142547,14:28:52,0,False,0.00,False,0.00,False,Эч ким аныкталган жок,
20260510_142547,14:29:02,0,False,0.00,False,0.00,False,Эч ким аныкталган жок,
20260510_142547,14:29:12,0,False,0.00,False,0.00,False,Эч ким аныкталган жок,
20260510_142547,14:29:22,0,False,0.00,False,0.00,False,Эч ким аныкталган жок,
20260510_142547,14:29:32,0,False,0.00,False,0.00,False,Эч ким аныкталган жок,
20260510_142547,14:29:42,1,False,0.81,False,0.16,False,Шляпа кийилген эмес | Фартук кийилген эмес,
20260510_142547,14:29:52,1,False,0.80,False,0.13,False,Шляпа кийилген эмес | Фартук кийилген эмес,
20260510_142547,14:30:02,1,False,0.89,False,0.10,False,Шляпа кийилген эмес | Фартук кийилген эмес,
20260510_142547,14:30:12,1,False,0.85,False,0.15,False,Шляпа кийилген эмес | Фартук кийилген эмес,
20260510_142547,14:30:22,1,False,0.84,True,0.18,False,Шляпа кийилген эмес,
20260510_142547,14:30:32,1,False,0.67,False,0.11,False,Шляпа кийилген эмес | Фартук кийилген эмес,
20260510_142547,14:30:42,1,False,0.87,False,0.15,False,Шляпа кийилген эмес | Фартук кийилген эмес,
20260510_142547,14:30:52,1,False,0.64,False,0.06,False,Шляпа кийилген эмес | Фартук кийилген эмес,
20260510_142547,14:31:02,1,False,0.54,False,0.02,False,Шляпа кийилген эмес | Фартук кийилген эмес,
20260510_142547,14:31:12,1,False,0.46,False,0.02,False,Шляпа кийилген эмес | Фартук кийилген эмес,
20260510_142547,14:31:22,1,False,0.72,False,0.02,False,Шляпа кийилген эмес | Фартук кийилген эмес,
20260510_142547,14:31:32,1,False,0.79,False,0.07,False,Шляпа кийилген эмес | Фартук кийилген эмес,
20260510_142547,14:31:43,0,False,0.00,False,0.00,False,Эч ким аныкталган жок,
20260510_142547,14:31:53,0,False,0.00,False,0.00,False,Эч ким аныкталган жок,
20260510_142547,14:32:03,1,True,0.94,True,0.26,True,,
20260510_142547,14:32:13,1,True,0.73,True,0.28,True,,
20260510_142547,14:32:23,1,True,0.89,True,0.30,True,,
20260510_142547,14:32:33,1,True,0.70,True,0.29,True,,
20260510_143236,14:32:37,0,False,0.00,False,0.00,False,Эч ким аныкталган жок,
20260510_143236,14:32:47,1,True,0.92,True,0.27,True,,
20260510_144436,14:44:38,0,False,0.00,False,0.00,False,Эч ким аныкталган жок,
20260510_144436,14:44:48,1,False,0.52,False,0.01,False,Шляпа кийилген эмес | Фартук кийилген эмес,
20260510_144436,14:44:58,2,False,0.61,False,0.04,False,Шляпа кийилген эмес | Фартук кийилген эмес,
20260510_144436,14:45:08,0,False,0.00,False,0.00,False,Эч ким аныкталган жок,
20260510_144436,14:45:18,0,False,0.00,False,0.00,False,Эч ким аныкталган жок,
20260510_144436,14:45:28,1,True,0.84,True,0.28,True,,
20260510_144436,14:45:38,0,False,0.00,False,0.00,False,Эч ким аныкталган жок,
20260510_144436,14:45:48,1,True,0.84,False,0.18,False,Фартук кийилген эмес,
20260510_144436,14:45:58,1,True,0.52,True,0.21,True,,
20260510_144436,14:46:08,1,True,0.52,False,0.05,False,Фартук кийилген эмес,
20260510_144436,14:46:18,2,True,0.66,False,0.11,False,Фартук кийилген эмес,
20260510_144436,14:46:28,1,False,0.54,False,0.06,False,Шляпа кийилген эмес | Фартук кийилген эмес,
20260510_144436,14:46:38,1,False,0.85,False,0.04,False,Шляпа кийилген эмес | Фартук кийилген эмес,
20260510_144646,14:46:46,0,False,0.00,False,0.00,False,Эч ким аныкталган жок,
20260511_141213,14:12:15,1,True,0.79,True,0.49,True,,
20260511_141213,14:12:25,1,True,0.94,True,0.42,True,,
20260511_141213,14:12:35,1,True,0.90,True,0.44,True,,
20260511_141213,14:12:45,1,True,0.91,True,0.44,True,,
20260511_141213,14:12:55,1,False,0.49,False,0.02,False,Шляпа кийилген эмес | Фартук кийилген эмес,
20260511_141213,14:13:05,1,False,0.84,False,0.10,False,Шляпа кийилген эмес | Фартук кийилген эмес,
20260511_141213,14:13:15,0,False,0.00,False,0.00,False,Эч ким аныкталган жок,
20260511_141213,14:13:25,1,False,0.85,False,0.05,False,Шляпа кийилген эмес | Фартук кийилген эмес,
20260511_141213,14:13:35,1,False,0.80,False,0.05,False,Шляпа кийилген эмес | Фартук кийилген эмес,
20260511_141213,14:13:45,1,False,0.80,False,0.09,False,Шляпа кийилген эмес | Фартук кийилген эмес,
20260511_141213,14:13:55,2,False,0.49,False,0.08,False,Шляпа кийилген эмес | Фартук кийилген эмес,
20260511_141213,14:14:05,1,False,0.73,False,0.06,False,Шляпа кийилген эмес | Фартук кийилген эмес,
20260511_141213,14:14:15,0,False,0.00,False,0.00,False,Эч ким аныкталган жок,
20260511_141213,14:14:25,1,False,0.60,False,0.04,False,Шляпа кийилген эмес | Фартук кийилген эмес,
20260511_141213,14:14:35,1,False,0.68,False,0.04,False,Шляпа кийилген эмес | Фартук кийилген эмес,
20260511_141213,14:14:45,0,False,0.00,False,0.00,False,Эч ким аныкталган жок,
20260511_141213,14:14:55,1,False,0.81,False,0.04,False,Шляпа кийилген эмес | Фартук кийилген эмес,
20260511_141213,14:15:05,1,True,0.90,True,0.45,True,,
20260511_141213,14:15:15,1,True,0.89,True,0.44,True,,
20260511_141213,14:15:25,1,True,0.92,True,0.43,True,,
20260511_141529,14:15:29,1,True,0.92,False,0.14,False,Фартук кийилген эмес,
20260511_141529,14:15:39,1,True,0.88,True,0.47,True,,
20260511_210044,21:00:48,1,True,0.91,True,0.49,True,,
20260511_210044,21:00:58,1,True,0.67,False,0.01,False,Фартук кийилген эмес,
20260511_210044,21:01:08,1,True,0.82,False,0.11,False,Фартук кийилген эмес,
20260511_210044,21:01:18,0,False,0.00,False,0.00,False,Эч ким аныкталган жок,
20260511_210044,21:01:28,1,False,0.95,False,0.12,False,Шляпа кийилген эмес | Фартук кийилген эмес,
20260511_210044,21:01:38,1,False,0.91,False,0.04,False,Шляпа кийилген эмес | Фартук кийилген эмес,
20260511_210044,21:01:49,1,False,0.91,False,0.04,False,Шляпа кийилген эмес | Фартук кийилген эмес,
20260511_210044,21:01:59,1,True,0.91,True,0.22,True,,
20260511_210044,21:02:09,1,True,0.86,True,0.24,True,,
20260511_210044,21:02:19,1,True,0.80,False,0.17,False,Фартук кийилген эмес,
20260511_210044,21:02:29,1,True,0.46,False,0.16,False,Фартук кийилген эмес,
20260511_210044,21:02:39,1,True,0.58,True,0.19,True,,
20260511_210044,21:02:49,1,True,0.60,True,0.20,True,,
20260511_210044,21:02:59,1,True,0.46,True,0.20,True,,
20260511_210044,21:03:09,1,True,0.46,False,0.17,False,Фартук кийилген эмес,
20260511_210044,21:03:19,1,True,0.66,False,0.18,False,Фартук кийилген эмес,
20260511_210044,21:03:29,1,True,0.48,True,0.26,True,,
20260511_210044,21:03:39,1,True,0.94,False,0.17,False,Фартук кийилген эмес,
20260511_210044,21:03:49,1,True,0.92,False,0.18,False,Фартук кийилген эмес,
20260511_210044,21:03:59,1,True,0.90,True,0.19,True,,
20260511_210044,21:04:09,1,True,0.84,True,0.24,True,,
20260511_210044,21:04:19,1,True,0.83,True,0.26,True,,
20260511_210044,21:04:29,1,True,0.87,False,0.17,False,Фартук кийилген эмес,
20260511_210044,21:04:39,1,True,0.92,True,0.19,True,,
20260511_210044,21:04:49,1,True,0.79,True,0.26,True,,
20260511_210044,21:04:59,0,False,0.00,False,0.00,False,Эч ким аныкталган жок,
20260511_210044,21:05:09,1,False,0.90,False,0.02,False,Шляпа кийилген эмес | Фартук кийилген эмес,
20260511_210044,21:05:19,1,False,0.88,False,0.02,False,Шляпа кийилген эмес | Фартук кийилген эмес,
20260511_210044,21:05:29,1,False,0.87,False,0.03,False,Шляпа кийилген эмес | Фартук кийилген эмес,
20260511_210044,21:05:39,1,False,0.87,False,0.03,False,Шляпа кийилген эмес | Фартук кийилген эмес,
20260511_210044,21:05:49,1,False,0.90,False,0.02,False,Шляпа кийилген эмес | Фартук кийилген эмес,
20260511_210044,21:05:59,0,False,0.00,False,0.00,False,Эч ким аныкталган жок,
20260513_144728,14:47:30,1,True,0.61,True,0.36,True,,
20260513_144728,14:47:40,1,True,0.48,True,0.37,True,,
20260513_144728,14:47:50,1,True,0.76,True,0.27,True,,
20260513_144728,14:48:00,2,True,0.86,True,0.43,True,,
20260513_144728,14:48:10,2,False,0.87,True,0.45,False,Шляпа кийилген эмес,
20260513_144728,14:48:20,2,False,0.92,True,0.43,False,Шляпа кийилген эмес,
20260513_144728,14:48:30,2,False,0.69,True,0.42,False,Шляпа кийилген эмес,
20260513_144728,14:48:40,1,False,0.77,False,0.04,False,Шляпа кийилген эмес | Фартук кийилген эмес,
20260513_144728,14:48:50,2,False,0.92,True,0.42,False,Шляпа кийилген эмес,
20260513_144728,14:49:00,2,False,0.89,True,0.42,False,Шляпа кийилген эмес,
20260513_144728,14:49:10,2,False,0.86,True,0.41,False,Шляпа кийилген эмес,
20260513_144728,14:49:20,2,False,0.93,True,0.43,False,Шляпа кийилген эмес,
20260513_144728,14:49:30,1,True,0.87,True,0.38,True,,
20260513_144728,14:49:40,1,True,0.89,True,0.36,True,,
20260513_144728,14:49:50,2,True,0.91,True,0.42,True,,
20260513_144728,14:50:00,2,True,0.87,True,0.43,True,,
20260513_144728,14:50:10,1,True,0.60,True,0.33,True,,
20260513_144728,14:50:20,2,True,0.82,True,0.41,True,,
20260513_144728,14:50:30,1,True,0.86,True,0.42,True,,
20260513_144728,14:50:40,1,True,0.80,True,0.36,True,,
20260513_144728,14:50:51,1,True,0.78,True,0.33,True,,
20260513_144728,14:51:01,1,True,0.89,True,0.39,True,,
20260513_144728,14:51:11,2,True,0.93,True,0.49,True,,
20260513_144728,14:51:21,1,True,0.91,True,0.42,True,,
20260513_144728,14:51:31,2,True,0.94,True,0.41,True,,
20260513_144728,14:51:41,2,True,0.75,True,0.38,True,,
20260513_144728,14:51:51,2,True,0.94,True,0.44,True,,
20260513_144728,14:52:01,2,True,0.91,True,0.36,True,,
20260513_144728,14:52:11,2,False,0.91,True,0.39,False,Шляпа кийилген эмес,
20260513_144728,14:52:21,2,False,0.90,True,0.40,False,Шляпа кийилген эмес,
20260513_144728,14:52:31,2,True,0.88,True,0.44,True,,
20260513_144728,14:52:41,1,True,0.85,True,0.42,True,,
20260513_144728,14:52:51,1,True,0.92,True,0.47,True,,
20260513_144728,14:53:01,1,True,0.89,True,0.39,True,,
20260513_144728,14:53:11,2,False,0.91,True,0.35,False,Шляпа кийилген эмес,
20260513_144728,14:53:21,2,False,0.93,True,0.39,False,Шляпа кийилген эмес,
20260513_144728,14:53:31,2,True,0.93,True,0.43,True,,
20260513_145332,14:53:32,1,True,0.74,True,0.44,True,,
20260522_164433,16:44:35,1,True,0.55,False,0.14,False,Фартук кийилген эмес,
20260522_164433,16:44:45,1,True,0.56,False,0.18,False,Фартук кийилген эмес,
20260522_164433,16:44:55,1,True,0.81,True,0.20,True,,
20260522_164433,16:45:05,1,True,0.68,True,0.18,True,,
20260522_164433,16:45:15,2,True,0.51,True,0.38,True,,
20260522_164433,16:45:25,1,True,0.55,True,0.19,True,,
20260522_164433,16:45:35,1,True,0.65,True,0.25,True,,
20260522_164433,16:45:45,0,False,0.00,False,0.00,False,Эч ким аныкталган жок,
20260522_164433,16:45:55,0,False,0.00,False,0.00,False,Эч ким аныкталган жок,
20260522_164433,16:46:05,1,True,0.90,True,0.30,True,,
20260522_164433,16:46:15,1,True,0.85,True,0.29,True,,
20260522_164433,16:46:25,1,True,0.60,True,0.21,True,,
20260522_164433,16:46:35,1,True,0.88,False,0.16,False,Фартук кийилген эмес,
20260522_164433,16:46:45,1,False,0.81,False,0.03,False,Шляпа кийилген эмес | Фартук кийилген эмес,
20260522_164433,16:46:55,2,False,0.94,True,0.52,False,Шляпа кийилген эмес,
20260522_164433,16:47:05,2,False,0.77,True,0.47,False,Шляпа кийилген эмес,
20260522_164433,16:47:16,2,False,0.93,True,0.45,False,Шляпа кийилген эмес,
20260522_164433,16:47:26,1,False,0.89,False,0.02,False,Шляпа кийилген эмес | Фартук кийилген эмес,
20260522_164433,16:47:36,1,True,0.72,False,0.06,False,Фартук кийилген эмес,
20260522_164433,16:47:46,0,False,0.00,False,0.00,False,Эч ким аныкталган жок,
20260522_164433,16:47:56,1,True,0.53,False,0.03,False,Фартук кийилген эмес,
20260522_164433,16:48:06,1,True,0.49,False,0.09,False,Фартук кийилген эмес,
20260522_164433,16:48:16,1,False,0.60,False,0.01,False,Шляпа кийилген эмес | Фартук кийилген эмес,
20260522_164433,16:48:26,1,True,0.68,False,0.05,False,Фартук кийилген эмес,
20260522_164433,16:48:36,1,True,0.82,True,0.25,True,,
20260522_164433,16:48:46,2,True,0.89,True,0.48,True,,
20260522_164433,16:48:56,1,False,0.80,False,0.06,False,Шляпа кийилген эмес | Фартук кийилген эмес,
20260522_164433,16:49:06,2,False,0.85,True,0.37,False,Шляпа кийилген эмес,
20260522_164433,16:49:16,2,False,0.76,True,0.39,False,Шляпа кийилген эмес,
20260522_164433,16:49:26,0,False,0.00,False,0.00,False,Эч ким аныкталган жок,
20260522_164433,16:49:36,1,True,0.54,False,0.10,False,Фартук кийилген эмес,
20260522_164433,16:49:46,1,False,0.59,False,0.10,False,Шляпа кийилген эмес | Фартук кийилген эмес,
20260522_164433,16:49:56,1,True,0.67,False,0.04,False,Фартук кийилген эмес,
20260522_164433,16:50:06,2,False,0.82,False,0.14,False,Шляпа кийилген эмес | Фартук кийилген эмес,
20260522_164433,16:50:16,0,False,0.00,False,0.00,False,Эч ким аныкталган жок,
20260522_164433,16:50:26,0,False,0.00,False,0.00,False,Эч ким аныкталган жок,
20260522_164433,16:50:36,1,False,0.76,False,0.09,False,Шляпа кийилген эмес | Фартук кийилген эмес,
20260522_164433,16:50:46,0,False,0.00,False,0.00,False,Эч ким аныкталган жок,
20260522_164433,16:50:56,1,True,0.54,True,0.27,True,,
20260522_164433,16:51:06,1,True,0.69,True,0.29,True,,
20260525_124954,12:49:55,0,False,0.00,False,0.00,False,Эч ким аныкталган жок,
20260525_124954,12:50:05,0,False,0.00,False,0.00,False,Эч ким аныкталган жок,
20260525_125007,12:50:08,0,False,0.00,False,0.00,False,Эч ким аныкталган жок,
20260525_131313,13:13:15,1,True,0.52,True,0.53,True,,
20260525_131313,13:13:25,1,False,0.68,False,0.18,False,Шляпа кийилген эмес | Фартук кийилген эмес,
20260525_131313,13:13:35,1,True,0.80,True,0.45,True,,
20260525_131313,13:13:45,1,True,0.79,True,0.50,True,,
20260525_131313,13:13:55,1,True,0.76,True,0.51,True,,
20260525_131313,13:14:05,1,True,0.79,True,0.41,True,,
20260525_131313,13:14:15,1,True,0.84,True,0.31,True,,
20260525_131313,13:14:25,1,True,0.74,True,0.38,True,,
20260525_131313,13:14:35,0,False,0.00,False,0.00,False,Эч ким аныкталган жок,
20260525_131313,13:14:45,1,True,0.82,True,0.45,True,,
20260525_131313,13:14:55,1,True,0.62,True,0.41,True,,
20260525_131313,13:15:05,1,True,0.88,True,0.42,True,,
20260525_133004,13:30:06,1,True,0.89,True,0.25,True,,
20260525_133004,13:30:16,1,True,0.95,True,0.28,True,,
20260525_133004,13:30:26,1,True,0.94,True,0.26,True,,
20260525_133004,13:30:36,1,True,0.89,True,0.36,True,,
20260525_133004,13:30:46,1,True,0.80,True,0.35,True,,
20260525_133004,13:30:56,1,True,0.89,True,0.35,True,,
20260525_133004,13:31:06,1,True,0.89,True,0.37,True,,
20260525_133004,13:31:16,2,True,0.84,True,0.32,True,,
20260525_133004,13:31:26,1,True,0.88,True,0.32,True,,
20260525_133004,13:31:36,1,True,0.96,True,0.36,True,,
20260525_133004,13:31:46,1,True,0.69,True,0.43,True,,
20260525_133004,13:31:56,1,True,0.77,True,0.51,True,,
20260525_133004,13:32:06,1,True,0.86,True,0.26,True,,
20260525_133004,13:32:16,0,False,0.00,False,0.00,False,Эч ким аныкталган жок,
20260525_133004,13:32:26,1,True,0.90,True,0.39,True,,
20260525_133004,13:32:36,1,True,0.84,True,0.43,True,,
20260525_133004,13:32:46,2,True,0.92,True,0.49,True,,
20260525_133004,13:32:56,1,True,0.88,True,0.39,True,,
20260525_133004,13:33:06,0,False,0.00,False,0.00,False,Эч ким аныкталган жок,
20260525_133653,13:36:55,2,False,0.89,True,0.60,False,Шляпа кийилген эмес,
20260525_133653,13:37:05,2,False,0.88,True,0.45,False,Шляпа кийилген эмес,
20260525_133653,13:37:15,2,True,0.84,True,0.48,True,,
20260525_133653,13:37:25,2,False,0.89,True,0.40,False,Шляпа кийилген эмес,
20260525_133653,13:37:35,2,True,0.83,True,0.47,True,,
20260525_142058,14:21:00,2,True,0.71,True,0.71,True,,
20260525_142058,14:21:10,0,False,0.00,False,0.00,False,Эч ким аныкталган жок,
20260525_142058,14:21:20,1,False,0.91,False,0.08,False,Шляпа кийилген эмес | Фартук кийилген эмес,
20260525_142058,14:21:30,2,False,0.90,True,0.34,False,Шляпа кийилген эмес,
20260525_142058,14:21:40,2,False,0.84,True,0.39,False,Шляпа кийилген эмес,
20260525_142058,14:21:50,2,True,0.69,True,0.47,True,,
20260525_142058,14:22:00,1,True,0.81,True,0.34,True,,
20260525_142058,14:22:10,1,True,0.68,True,0.35,True,,
20260525_142058,14:22:20,2,True,0.76,True,0.48,True,,
20260525_142058,14:22:30,2,True,0.71,True,0.48,True,,
20260525_142058,14:22:40,2,True,0.82,True,0.46,True,,
20260525_142058,14:22:50,2,True,0.81,True,0.46,True,,
20260525_142058,14:23:00,1,True,0.59,True,0.55,True,,
20260525_142058,14:23:10,2,True,0.74,True,0.50,True,,
20260525_142058,14:23:20,1,True,0.91,True,0.38,True,,
20260525_142058,14:23:30,1,True,0.51,True,0.72,True,,
20260525_142058,14:23:40,1,True,0.64,True,0.71,True,,
20260525_142058,14:23:50,0,False,0.00,False,0.00,False,Эч ким аныкталган жок,
20260525_142058,14:24:00,0,False,0.00,False,0.00,False,Эч ким аныкталган жок,
20260525_142058,14:24:10,0,False,0.00,False,0.00,False,Эч ким аныкталган жок,
20260525_142058,14:24:20,0,False,0.00,False,0.00,False,Эч ким аныкталган жок,
20260525_142058,14:24:30,1,True,0.63,True,0.47,True,,
20260525_142058,14:24:40,1,True,0.88,True,0.38,True,,
20260525_142058,14:24:50,1,True,0.84,True,0.36,True,,
20260525_142058,14:25:00,1,True,0.76,True,0.36,True,,
20260525_142058,14:25:11,0,False,0.00,False,0.00,False,Эч ким аныкталган жок,
20260525_142058,14:25:21,2,True,0.87,True,0.48,True,,
20260525_142058,14:25:31,0,False,0.00,False,0.00,False,Эч ким аныкталган жок,
20260525_142058,14:25:41,1,True,0.77,True,0.32,True,,
20260525_142058,14:25:51,3,True,0.77,True,0.60,True,,
20260525_142058,14:26:01,1,True,0.78,True,0.30,True,,
20260525_142058,14:26:11,1,True,0.80,True,0.20,True,,
20260525_142058,14:26:21,1,True,0.92,True,0.21,True,,
20260525_142058,14:26:31,1,True,0.80,True,0.20,True,,
20260525_142058,14:26:41,1,False,0.47,False,0.14,False,Шляпа кийилген эмес | Фартук кийилген эмес,
20260525_142058,14:26:51,1,True,0.92,True,0.31,True,,
20260525_142058,14:27:01,1,True,0.90,True,0.25,True,,
20260525_142058,14:27:11,2,True,0.78,True,0.42,True,,
20260525_142058,14:27:21,1,True,0.94,True,0.27,True,,
20260525_142058,14:27:31,0,False,0.00,False,0.00,False,Эч ким аныкталган жок,
20260525_142058,14:27:41,2,True,0.73,True,0.51,True,,
20260525_142058,14:27:51,2,True,0.89,True,0.51,True,,
20260525_142058,14:28:01,1,True,0.83,True,0.36,True,,
20260525_142058,14:28:11,1,True,0.80,True,0.35,True,,
20260525_142058,14:28:21,1,True,0.80,True,0.26,True,,
20260525_142058,14:28:31,1,True,0.85,True,0.22,True,,
20260525_142058,14:28:41,1,True,0.82,True,0.21,True,,
20260525_142058,14:28:51,1,True,0.87,True,0.33,True,,
20260525_142058,14:29:01,1,True,0.85,True,0.35,True,,
20260525_142058,14:29:11,1,True,0.85,True,0.35,True,,
20260525_142058,14:29:21,2,True,0.61,True,0.40,True,,
20260525_142058,14:29:31,2,True,0.89,True,0.47,True,,
20260525_142058,14:29:41,2,True,0.83,True,0.48,True,,
20260525_142058,14:29:51,2,True,0.79,True,0.45,True,,
20260525_142058,14:30:01,2,True,0.74,True,0.48,True,,
20260525_142058,14:30:11,1,True,0.77,True,0.34,True,,
20260525_142058,14:30:21,0,False,0.00,False,0.00,False,Эч ким аныкталган жок,
20260525_142058,14:30:31,1,True,0.77,True,0.57,True,,
20260525_142058,14:30:41,2,True,0.66,True,0.48,True,,
20260525_142058,14:30:52,2,True,0.81,True,0.50,True,,
20260525_142058,14:31:02,1,True,0.45,True,0.83,True,,
20260525_142058,14:31:12,2,True,0.82,True,0.49,True,,
20260525_142058,14:31:22,2,True,0.85,True,0.44,True,,
20260525_142058,14:31:32,1,True,0.85,True,0.40,True,,
20260525_142058,14:31:42,1,True,0.93,True,0.41,True,,
20260525_142058,14:31:52,1,True,0.69,True,0.41,True,,
20260525_142058,14:32:02,1,True,0.74,True,0.34,True,,
20260525_142058,14:32:12,1,True,0.85,True,0.29,True,,
20260525_142058,14:32:22,1,True,0.85,True,0.39,True,,
20260525_142058,14:32:32,1,True,0.85,True,0.44,True,,
20260525_142058,14:32:42,1,True,0.89,True,0.56,True,,
20260525_142058,14:32:52,1,True,0.71,True,0.30,True,,
20260525_142058,14:33:02,2,True,0.85,True,0.46,True,,
20260525_142058,14:33:12,2,True,0.78,True,0.53,True,,
20260525_142058,14:33:22,2,True,0.84,True,0.44,True,,
20260525_142058,14:33:32,1,True,0.86,True,0.30,True,,
20260525_142058,14:33:42,1,True,0.87,True,0.27,True,,
20260525_142058,14:33:52,2,True,0.72,True,0.49,True,,
20260525_142058,14:34:02,2,True,0.91,True,0.50,True,,
20260525_142058,14:34:12,2,True,0.86,True,0.42,True,,
20260525_142058,14:34:22,2,True,0.89,True,0.51,True,,
20260525_142058,14:34:32,2,True,0.84,True,0.50,True,,
20260525_142058,14:34:42,1,True,0.82,True,0.43,True,,
20260525_142058,14:34:52,2,True,0.84,True,0.48,True,,
20260525_142058,14:35:02,2,True,0.87,True,0.47,True,,
20260525_142058,14:35:12,2,True,0.84,True,0.51,True,,
20260525_142058,14:35:22,2,True,0.81,True,0.49,True,,
20260525_142058,14:35:32,2,True,0.84,True,0.47,True,,
20260525_142058,14:35:42,1,True,0.78,True,0.35,True,,
20260525_142058,14:35:52,1,True,0.81,True,0.36,True,,
20260525_142058,14:36:02,1,True,0.77,True,0.33,True,,
20260525_142058,14:36:12,1,True,0.79,True,0.37,True,,
20260525_142058,14:36:22,1,True,0.78,True,0.39,True,,
20260525_142058,14:36:33,1,True,0.80,True,0.18,True,,
20260525_142058,14:36:43,1,True,0.59,False,0.17,False,Фартук кийилген эмес,
20260525_142058,14:36:53,1,True,0.63,False,0.14,False,Фартук кийилген эмес,
20260525_142058,14:37:03,2,True,0.83,True,0.46,True,,
20260525_142058,14:37:13,1,True,0.80,True,0.38,True,,
20260525_142058,14:37:23,1,True,0.73,True,0.47,True,,
20260525_142058,14:37:33,1,True,0.72,True,0.36,True,,
20260525_142058,14:37:43,1,True,0.85,True,0.44,True,,
20260525_142058,14:37:53,1,True,0.86,True,0.38,True,,
20260525_142058,14:38:03,1,True,0.76,True,0.43,True,,
20260525_142058,14:38:13,1,True,0.80,True,0.35,True,,
20260525_142058,14:38:23,1,True,0.85,True,0.37,True,,
20260525_142058,14:38:33,1,True,0.82,True,0.32,True,,
20260525_142058,14:38:43,1,True,0.79,True,0.29,True,,
20260525_142058,14:38:53,3,True,0.69,True,0.36,True,,
20260525_142058,14:39:03,0,False,0.00,False,0.00,False,Эч ким аныкталган жок,
20260525_142058,14:39:13,2,True,0.59,True,0.38,True,,
20260525_142058,14:39:23,1,True,0.82,True,0.34,True,,
20260525_142058,14:39:33,2,True,0.67,True,0.46,True,,
20260525_142058,14:39:43,1,True,0.74,True,0.33,True,,
20260525_142058,14:39:53,2,True,0.70,True,0.40,True,,
20260525_142058,14:40:03,1,True,0.69,True,0.34,True,,
20260525_142058,14:40:13,1,True,0.46,True,0.32,True,,
20260525_142058,14:40:23,1,True,0.72,True,0.38,True,,
20260525_142058,14:40:33,1,True,0.87,True,0.38,True,,
20260525_142058,14:40:43,1,True,0.78,True,0.40,True,,
20260525_142058,14:40:53,1,True,0.84,True,0.37,True,,
20260525_142058,14:41:03,1,True,0.78,True,0.39,True,,
20260525_142058,14:41:13,1,True,0.76,True,0.47,True,,
20260525_142058,14:41:23,1,True,0.52,True,0.59,True,,
20260525_142058,14:41:33,1,True,0.47,True,0.42,True,,
20260525_142058,14:41:43,1,True,0.48,True,0.59,True,,
20260525_142058,14:41:53,1,True,0.55,False,0.17,False,Фартук кийилген эмес,
20260525_142058,14:42:03,0,False,0.00,False,0.00,False,Эч ким аныкталган жок,
20260525_142058,14:42:13,1,True,0.77,True,0.39,True,,
20260525_142058,14:42:23,1,True,0.76,True,0.39,True,,
20260525_142058,14:42:34,1,True,0.79,True,0.37,True,,
20260525_142058,14:42:44,1,True,0.70,True,0.37,True,,
20260525_142058,14:42:54,1,True,0.81,True,0.38,True,,
20260525_142058,14:43:04,1,True,0.89,True,0.34,True,,
20260525_142058,14:43:14,1,True,0.84,True,0.38,True,,
20260525_142058,14:43:24,1,True,0.81,True,0.29,True,,
20260525_142058,14:43:34,1,True,0.78,True,0.43,True,,
20260525_142058,14:43:44,0,False,0.00,False,0.00,False,Эч ким аныкталган жок,
20260525_142058,14:43:54,1,True,0.72,True,0.28,True,,
20260525_142058,14:44:04,1,True,0.81,True,0.35,True,,
20260525_142058,14:44:14,1,True,0.85,True,0.53,True,,
20260525_142058,14:44:24,1,True,0.84,True,0.56,True,,
20260525_142058,14:44:34,1,True,0.55,True,0.57,True,,
20260525_142058,14:44:44,1,True,0.70,True,0.39,True,,
20260525_142058,14:44:54,1,True,0.90,True,0.41,True,,
20260525_142058,14:45:04,1,True,0.71,True,0.43,True,,
20260525_142058,14:45:14,1,True,0.88,True,0.34,True,,
20260525_142058,14:45:24,1,True,0.81,True,0.51,True,,
20260525_142058,14:45:34,1,True,0.76,True,0.45,True,,
20260525_142058,14:45:44,1,True,0.88,True,0.53,True,,
20260525_142058,14:45:54,1,True,0.86,True,0.56,True,,
20260525_142058,14:46:04,1,True,0.63,True,0.46,True,,
20260525_142058,14:46:14,1,True,0.77,True,0.41,True,,
20260525_142058,14:46:24,1,True,0.82,True,0.50,True,,
20260525_142058,14:46:34,1,True,0.75,True,0.43,True,,
20260525_142058,14:46:44,1,True,0.81,True,0.47,True,,
20260525_142058,14:46:54,1,True,0.85,True,0.36,True,,
20260525_142058,14:47:04,1,True,0.87,True,0.39,True,,
20260525_142058,14:47:14,0,False,0.00,False,0.00,False,Эч ким аныкталган жок,
20260525_142058,14:47:24,1,True,0.82,True,0.33,True,,
20260525_142058,14:47:34,1,True,0.89,True,0.37,True,,
20260525_142058,14:47:44,1,True,0.77,True,0.31,True,,
20260525_142058,14:47:54,0,False,0.00,False,0.00,False,Эч ким аныкталган жок,
20260525_142058,14:48:04,1,True,0.52,True,0.45,True,,
20260525_142058,14:48:15,1,True,0.71,True,0.47,True,,
20260525_142058,14:48:25,1,True,0.79,False,0.14,False,Фартук кийилген эмес,
20260525_142058,14:48:35,1,True,0.79,False,0.11,False,Фартук кийилген эмес,
20260525_142058,14:48:45,0,False,0.00,False,0.00,False,Эч ким аныкталган жок,
20260525_142058,14:48:55,0,False,0.00,False,0.00,False,Эч ким аныкталган жок,
20260525_142058,14:49:05,0,False,0.00,False,0.00,False,Эч ким аныкталган жок,
20260525_142058,14:49:15,0,False,0.00,False,0.00,False,Эч ким аныкталган жок,
20260525_142058,14:49:25,0,False,0.00,False,0.00,False,Эч ким аныкталган жок,
20260525_142058,14:49:35,1,True,0.74,True,0.37,True,,
